name,provider_type,specialty,phone,address,zip_code,languages,population_served,accepting_new_patients_claimed,reported_wait_days,telehealth_available
Healing and Balance Therapeutic Services LLC,Facility,Licensed Clinical Social Workers (LCSW),215-930-1499,"1216 N Front Street, Philadelphia, PA",19122,English,"Adults, Children/Adolescents",1,,1
Joseph J. Peters Institute (JJPI) - Vaux PATH,Facility,Mental Health Outpatient Clinics (MHOP),"215-701-1560, Ext. 5018","2300 W Master Street, Philadelphia, PA",19122,English,"Adults, Children/Adolescents",1,,1
Public Health Management Corporation (PHMC) - Health Connection,Facility,Federally Qualified Health Centers (FQHC),215-765-6690,"1900 N 9th Street, Philadelphia, PA",19122,"English, Translation Support Available","Adults, Children/Adolescents",1,,1
Department of Public Health - Strawberry Mansion Health,Facility,Federally Qualified Health Centers (FQHC),215-685-2400,"2840 W Dauphin St, Philadelphia, PA",19132,"English, Translation Support Available","Adults, Children/Adolescents",1,,1
Mental Health Partnerships,Facility,Peer Support Services,267-507-3424,"2709 N Broad Street, Philadelphia, PA",19132,English,Adults,1,,1
Merakey - Allegheny Ave,Facility,Mental Health Outpatient Clinics (MHOP),215-427-1500,"2300 W Allegheny Avenue, Philadelphia, PA",19132,English,Children/Adolescents,1,,1
Merakey - Allegheny Ave,Facility,Intensive Behavioral Health Services (IBHS) - Regionalized,215-203-5540,"2300 W Allegheny Avenue, Philadelphia, PA",19132,English,Children/Adolescents,1,,1
Quality Community Health Care Inc.,Facility,Federally Qualified Health Centers (FQHC),215-227-0300,"2501 W Lehigh Avenue, Philadelphia, PA",19132,"English, Translation Support Available","Adults, Children/Adolescents",1,,1
WES Health System,Facility,Psychiatric Rehabilitation Services (PRS),215-226-7100,"2514 N Broad Street, Philadelphia, PA",19132,"English, Spanish",Adults,1,,1
Asociación Puertorriqueños en Marcha (APM),Facility,Mobile Mental Health Treatment,267-296-7220,"4301 Rising Sun Avenue, Philadelphia, PA",19140,"English, Spanish","Adults, Children/Adolescents",1,,1
Cognitive Behavioral Services Inc.,Facility,Mental Health Outpatient Clinics (MHOP),215-634-3976,"3255 N 6th Street, Philadelphia, PA",19140,"English, Spanish",Children/Adolescents,1,,1
Esperanza Health Center,Facility,Federally Qualified Health Centers (FQHC),215-302-3600,"4417 N 6th Street, Philadelphia, PA",19140,"English, Translation Support Available","Adults, Children/Adolescents",1,,1
Greater Philadelphia Health Action Inc. (GPHA) - Hunting Park Health Center,Facility,Federally Qualified Health Centers (FQHC),215-228-9300,"1999 W Hunting Park Avenue, Philadelphia, PA",19140,"English, Translation Support Available","Adults, Children/Adolescents",1,,1
Greater Philadelphia Health Action Inc. (GPHA) - Temple Dental School,Facility,Federally Qualified Health Centers (FQHC),215-226-3789,"3223 N Broad Street, Suite 136, Philadelphia, PA",19140,"English, Translation Support Available","Adults, Children/Adolescents",1,,1
Harmony Wellness Group Inc.,Facility,Mental Health Outpatient Clinics (MHOP),215-539-2473,"3803 N 5th Street, Philadelphia, PA",19140,"English, Spanish",Adults,1,,1
Kutamani Developmental Services LLC,Facility,Intensive Behavioral Health Services (IBHS) - Regionalized,844-537-7473,"3230-64 N 3rd Street, Philadelphia, PA",19140,"Arabic, Cambodian, Cantonese, English, French, Indonesian, Korean, Malayalam, Malaysian, Mandarin, Portuguese, Russian, Spanish, Ukrainian, Urdu, Uzbek, Vietnamese","Adults, Children/Adolescents",1,,0
Pan American Mental Health Services,Facility,Mental Health Outpatient Clinics (MHOP),215-457-1620,"4519 N 5th Street, Philadelphia, PA",19140,"Arabic, English, French, Russian, Spanish, Vietnamese","Adults, Children/Adolescents",1,,0
Pan American Mental Health Services,Facility,Family-Based Mental Health Services (FBMHS),215-455-0311,"511 W Courtland Street, Philadelphia, PA",19140,"Arabic, English, French, Russian, Spanish, Vietnamese","Adults, Children/Adolescents",1,,0
Acclaim Autism,Facility,IBHS - Applied Behavior Analysis (ABA),888-805-8206,"1410 N 31st Street, Philadelphia, PA",19121,"American Sign Language (ASL), English, Language Services Available",Children/Adolescents,1,,1
Center for Families and Relationships (CFAR) - 23rd Street,Facility,Mental Health Outpatient Clinics (MHOP),215-537-5367,"1845 N 23rd Street, Philadelphia, PA",19121,English,"Adults, Children/Adolescents",1,,1
Department of Public Health - District Health Center #5,Facility,Federally Qualified Health Centers (FQHC),215-685-2933,"1900 N 20th St, Philadelphia, PA",19121,"English, Translation Support Available","Adults, Children/Adolescents",1,,1
Men and Women for Human Excellence,Facility,Mental Health Outpatient Clinics (MHOP),215-769-7045,"2600 Cecil B Moore Avenue, 1st Floor, Philadelphia, PA",19121,English,Adults,1,,1
Spectrum Health Services Inc. - Vaux Community Health Center,Facility,Federally Qualified Health Centers (FQHC),215-471-2761,"2300 W Master Street, Floor 1, Philadelphia, PA",19121,"English, Translation Support Available","Adults, Children/Adolescents",1,,1
